nombre,precio,color,tamano,beneficio,vendedor,fecha
faucibus orci luctus,$16.30,Fuscia,0.29x6.97,Music,Frieda Brogan,2019-06-07
orci luctus et,$18.74,Khaki,7.36x0.43,Baby,Al Ricks,2018-10-06
vestibulum,$44.08,Teal,6.44x1.06,Health,Margi Rittelmeyer,2019-06-12
purus eu magna,$10.03,Turquoise,2.73x1.89,Clothing,Isiahi Nise,2019-07-13
diam cras,$17.79,Aquamarine,2.38x4.07,Tools,Felizio Brown,2018-12-06
sit,$26.90,Khaki,5.30x8.88,Jewelery,Rickie Anthoney,2019-01-16
platea dictumst,$38.13,Indigo,0.02x0.75,Outdoors,Michael Bernot,2018-09-25
felis sed interdum,$34.18,Teal,5.15x7.83,Tools,Rickie Letterick,2019-06-19
augue a,$13.04,Puce,8.83x2.41,Games,Nealon Tunnah,2019-03-15
tempus semper est,$54.50,Mauv,2.29x6.37,Sports,Saxon Sowden,2018-12-14
mauris viverra,$46.50,Blue,8.56x9.12,Kids,Pearce Orring,2019-06-27
nec nisi,$48.78,Crimson,1.66x4.20,Baby,Westbrook Impleton,2019-06-10
lacinia,$26.79,Orange,1.34x2.60,Outdoors,Sloane McCutheon,2019-03-28
scelerisque,$11.76,Violet,5.08x5.78,Garden,Shae Frisel,2019-04-23
sit amet,$36.38,Crimson,7.55x7.25,Games,Cesare Elsmore,2019-05-21
vitae ipsum,$32.34,Puce,8.29x9.33,Outdoors,Nollie Dilks,2018-12-30
eget,$55.23,Goldenrod,6.73x9.58,Computers,Holli Deam,2019-07-27
lacinia sapien quis,$44.59,Violet,9.38x1.64,Toys,Randi Pickwell,2019-07-26
metus arcu adipiscing,$59.63,Crimson,3.78x1.01,Movies,Donall Parcell,2018-12-15
in tempus,$41.53,Purple,4.55x7.07,Music,Mord Wadeson,2019-05-17
ipsum primis in,$14.32,Yellow,2.04x1.48,Toys,Hasheem Richter,2018-09-25
dictumst,$59.01,Purple,7.04x7.68,Books,Marina Fayerman,2019-01-04
erat quisque,$14.45,Mauv,3.06x5.82,Baby,Ilysa Diggle,2018-09-04
justo in,$54.80,Aquamarine,1.90x0.72,Kids,Ham Hlavac,2018-09-19
potenti nullam porttitor,$57.31,Fuscia,1.46x9.23,Computers,Rici Fogt,2018-09-07
ante ipsum primis,$26.37,Khaki,5.58x5.76,Shoes,Maximilien Crutch,2019-05-04
eu,$32.58,Crimson,9.30x4.54,Electronics,Asa Filppetti,2018-10-02
magna,$56.30,Maroon,4.35x8.86,Computers,Helenelizabeth Grewar,2019-02-14
fermentum donec ut,$33.71,Violet,8.82x2.35,Baby,Ebony Pottle,2018-11-27
dis parturient montes,$36.04,Teal,5.95x6.42,Kids,Bernhard Covely,2018-10-10
proin risus praesent,$10.09,Orange,7.08x6.01,Books,Maridel Boorman,2019-07-06
donec diam neque,$21.19,Aquamarine,1.18x2.55,Toys,Kattie Kobpal,2019-01-13
sagittis dui vel,$20.79,Teal,1.22x9.50,Home,Clem Luckcuck,2018-11-17
nullam orci pede,$51.49,Green,8.00x9.87,Toys,Beryle Iashvili,2019-02-03
mauris ullamcorper purus,$21.93,Indigo,3.15x3.09,Garden,Jeffie Rivallant,2019-03-23
nullam,$31.28,Orange,7.31x7.96,Movies,Haywood Lockery,2018-10-02
maecenas tristique,$12.34,Purple,0.41x1.57,Toys,Woodie Newbury,2019-05-14
ante ipsum,$38.94,Mauv,9.89x1.65,Music,Chantal Gregoriou,2019-05-25
sem mauris,$27.74,Violet,9.80x6.40,Kids,Morly Fairbard,2019-05-02
tristique est,$36.63,Khaki,6.89x7.98,Grocery,Shirleen Borrott,2019-05-14
vulputate nonummy,$37.75,Purple,0.97x2.19,Games,Christen O'Deegan,2018-12-23
aliquet maecenas,$20.85,Crimson,5.80x5.52,Garden,Catherine Ivchenko,2018-12-15
lacinia erat vestibulum,$20.84,Puce,4.80x4.71,Movies,Karry Fenty,2019-07-12
luctus,$45.07,Turquoise,4.86x9.00,Jewelery,Thain Degg,2018-12-29
laoreet ut rhoncus,$43.70,Indigo,2.81x7.85,Garden,Mozes Lodder,2018-12-28
phasellus id sapien,$49.04,Teal,1.27x3.46,Garden,Raynard Wooles,2019-04-26
eu sapien cursus,$19.59,Mauv,9.70x0.80,Kids,Olivie Bullingham,2019-01-28
posuere cubilia,$24.75,Teal,9.25x4.50,Shoes,Samantha Uwins,2019-07-02
semper,$41.78,Green,2.81x1.62,Industrial,Lanette Fermer,2019-04-27
in blandit,$55.35,Puce,0.37x0.16,Kids,Edsel Hedworth,2019-05-08
in,$42.77,Orange,1.32x7.46,Health,Cahra Senn,2019-08-05
mauris eget,$43.54,Goldenrod,6.48x1.21,Jewelery,Jessamine Mixhel,2019-02-07
lobortis est phasellus,$29.98,Green,6.97x1.12,Automotive,Marillin Avon,2019-05-31
potenti cras in,$30.07,Violet,2.25x9.53,Health,Miquela Cowden,2019-05-21
vestibulum ante ipsum,$22.42,Red,3.46x2.71,Music,Spence Shynn,2018-12-14
volutpat sapien,$55.86,Yellow,5.39x7.32,Books,Lorne Bickle,2019-03-25
faucibus orci luctus,$24.59,Yellow,8.16x5.04,Toys,Giorgio Postians,2018-11-18
lorem,$15.19,Crimson,4.48x8.16,Sports,Gaby Witterick,2018-08-12
erat volutpat,$19.16,Fuscia,5.02x2.26,Shoes,Kamilah Doumerque,2018-11-10
etiam justo etiam,$56.42,Fuscia,9.17x3.26,Grocery,Dahlia Attlee,2019-05-29
orci vehicula,$20.31,Purple,8.21x8.76,Shoes,Ardis Tremlett,2019-01-06
convallis morbi,$43.39,Fuscia,1.13x5.55,Kids,Sandro Tweedlie,2018-08-16
tempus vel,$17.15,Blue,0.07x9.13,Grocery,Worden McNair,2019-05-14
tellus semper,$47.06,Yellow,0.36x4.62,Electronics,Papagena Noraway,2018-08-12
nam ultrices libero,$21.88,Turquoise,5.02x3.38,Kids,Ginnifer Denyakin,2018-12-22
eros elementum pellentesque,$29.27,Indigo,0.86x3.81,Grocery,Farand Nourse,2019-07-19
augue,$11.81,Turquoise,4.21x9.84,Games,Beverley Gant,2019-02-23
et eros,$22.86,Yellow,4.21x3.56,Kids,Florry Bonelle,2019-02-15
sapien quis,$37.25,Indigo,9.33x5.52,Sports,Florry Andreoletti,2019-06-21
phasellus id,$52.29,Blue,6.65x3.42,Grocery,Roberta Beacon,2019-03-02
arcu libero rutrum,$45.13,Mauv,5.83x7.28,Automotive,Monte Romney,2018-10-17
mattis,$58.84,Green,6.02x9.28,Books,Selia Wooff,2019-05-07
aliquam,$15.94,Maroon,5.84x6.48,Tools,Winifield Mateiko,2019-05-20
enim lorem ipsum,$25.78,Orange,7.57x5.02,Games,Lizzy Tomczykowski,2018-10-30
ultrices,$13.32,Purple,8.88x4.44,Home,Kin McConnell,2018-09-11
volutpat convallis morbi,$33.62,Yellow,2.20x6.89,Home,Harrison Danick,2019-05-31
tempor convallis nulla,$20.31,Puce,3.12x5.96,Home,Rayner Edscer,2018-12-15
platea dictumst aliquam,$32.36,Crimson,7.75x4.44,Music,Micky Kidd,2019-02-02
vulputate elementum,$25.52,Red,6.76x0.67,Clothing,Adella Scimoni,2018-08-14
cubilia curae,$13.40,Aquamarine,0.49x1.89,Beauty,Aymer Nobes,2018-10-11
at diam,$42.55,Red,8.20x4.64,Kids,Farica Vigars,2019-04-20
enim lorem ipsum,$31.10,Puce,1.06x4.26,Grocery,Keene Petasch,2019-05-28
et magnis dis,$45.15,Blue,2.37x3.69,Industrial,Russ Cartmale,2019-07-21
platea dictumst etiam,$30.76,Khaki,5.07x8.60,Garden,Tonia Kohtler,2019-03-23
cum,$55.03,Khaki,9.17x5.79,Jewelery,Harriot Parish,2019-03-03
in magna,$10.47,Mauv,8.87x2.23,Beauty,Alene Chiplen,2018-11-09
volutpat dui,$31.45,Aquamarine,2.30x9.46,Sports,Alex De Vile,2019-05-21
quis libero nullam,$15.19,Orange,3.73x2.08,Electronics,Madeleine Linay,2019-04-28
nulla ac,$44.98,Mauv,6.80x5.42,Home,Prudence Wyld,2018-10-18
at ipsum,$38.04,Crimson,1.39x1.30,Outdoors,Lambert Withey,2019-05-07
leo,$48.44,Crimson,3.82x9.78,Health,Job Blyde,2018-09-27
ac,$11.14,Goldenrod,4.31x2.13,Clothing,Temple Breton,2019-06-18
dui luctus,$53.27,Goldenrod,1.80x4.58,Garden,Dennie Halworth,2018-09-19
odio porttitor,$44.58,Yellow,2.05x4.12,Music,Salomone Trillo,2018-12-14
mauris,$10.41,Indigo,0.12x9.50,Toys,Darice Newbigging,2019-06-08
turpis sed ante,$46.55,Blue,8.90x7.17,Beauty,Pail Littleproud,2019-04-16
proin leo,$37.50,Crimson,7.61x7.04,Health,Hayley Grindlay,2019-03-13
quis lectus,$22.78,Aquamarine,7.82x0.41,Toys,Iorgo Gligorijevic,2019-03-30
consequat,$30.95,Crimson,9.01x6.23,Books,Dierdre Paschek,2019-02-16
platea dictumst,$42.01,Pink,5.04x3.13,Electronics,Stearne Souch,2018-10-24
